PredictiveFeature,PredictiveFeatureCorrelated,PredictiveFeatureWithNoise,RandomFeature,Target
0.4967,0.5464,-0.2965,-0.1383,14.0091
0.6477,0.7124,-4.5306,1.523,18.2671
-0.2342,-0.2575,-8.6076,-0.2341,-6.6039
1.5792,1.7372,-0.8523,0.7674,44.5393
-0.4695,-0.5165,-0.7384,0.5426,-13.2408
-0.4634,-0.5098,8.3762,-0.4657,-13.07
0.242,0.2662,0.8933,-1.9133,6.8242
-1.7249,-1.8974,3.1888,-0.5623,-48.6486
-1.0128,-1.1141,-3.5093,0.3142,-28.5653
-0.908,-0.9989,-6.8327,-1.4123,-25.6094
1.4656,1.6122,-3.3599,-0.2258,41.3364
0.0675,0.0743,-3.5586,-1.4247,1.9045
-0.5444,-0.5988,10.098,0.1109,-15.3535
-1.151,-1.2661,-5.2579,0.3757,-32.462
-0.6006,-0.6607,3.5918,-0.2917,-16.9401
-0.6017,-0.6619,-5.1163,1.8523,-16.9702
-0.0135,-0.0148,4.6444,-1.0577,-0.3807
0.8225,0.9048,2.7473,-1.2208,23.1986
0.2089,0.2298,-0.5743,-1.9597,5.8907
-1.3282,-1.461,-1.532,0.1969,-37.4594
0.7385,0.8123,-2.5355,0.1714,20.8273
-0.1156,-0.1272,2.1147,-0.3011,-3.2617
-1.4785,-1.6263,-3.7534,-0.7198,-41.6994
-0.4606,-0.5067,-6.5887,1.0571,-12.9916
0.3436,0.378,-6.0461,-1.763,9.6912
0.3241,0.3565,1.187,-0.3851,9.1403
-0.6769,-0.7446,7.2185,0.6117,-19.0915
1.031,1.1341,1.831,0.9313,29.0778
-0.8392,-0.9231,-1.4324,-0.3092,-23.6688
0.3313,0.3644,1.7604,0.9755,9.3428
-0.4792,-0.527,6.0508,-0.1857,-13.5144
-1.1063,-1.217,-0.0094,-1.1962,-31.2025
0.8125,0.8938,-1.2421,1.3562,22.916
-0.072,-0.0792,5.4594,1.0035,-2.0309
0.3616,0.3978,2.5054,-0.6451,10.1994
0.3614,0.3976,8.0402,1.538,10.1926
-0.0358,-0.0394,0.8803,1.5646,-1.0104
-2.6197,-2.8817,-8.7421,0.8219,-73.8859
0.087,0.0957,-6.7537,-0.299,2.455
0.0918,0.101,8.3464,-1.9876,2.588
-0.2197,-0.2416,8.3987,0.3571,-6.1955
1.4779,1.6257,0.5803,-0.5183,41.6817
-0.8085,-0.8894,-2.7244,-0.5018,-22.8023
0.9154,1.0069,8.2226,0.3288,25.8175
-0.5298,-0.5827,-6.065,0.5133,-14.9411
0.0971,0.1068,-4.3766,0.9686,2.7379
-0.7021,-0.7722,2.5146,-0.3277,-19.8003
-0.3921,-0.4313,-2.3651,-1.4635,-11.0588
0.2961,0.3258,0.2705,0.2611,8.3516
0.0051,0.0056,-0.8121,-0.2346,0.1442
-1.4154,-1.5569,0.2725,-0.4206,-39.9183
-0.3427,-0.377,6.6947,-0.8023,-9.6657
-0.1613,-0.1775,0.2916,0.4041,-4.5488
1.8862,2.0748,5.1059,0.1746,53.197
0.2576,0.2833,-9.9933,-0.0744,7.2638
-1.9188,-2.1107,-2.1624,-0.0265,-54.116
0.0602,0.0662,-4.1559,2.4632,1.6987
-0.1924,-0.2116,-6.2864,0.3015,-5.4252
-0.0347,-0.0382,-4.4255,-1.1687,-0.979
1.1428,1.2571,-0.5278,0.7519,32.2316
0.791,0.8701,5.3705,-0.9094,22.3098
1.4028,1.5431,-5.2292,-1.4019,39.5636
0.5869,0.6455,0.74,2.1905,16.5514
-0.9905,-1.0896,-3.4114,-0.5663,-27.9365
0.0997,0.1096,-1.5387,-0.5035,2.8105
-1.5507,-1.7057,3.4631,0.0686,-43.7341
-1.0623,-1.1685,1.6283,0.4736,-29.9606
-0.9194,-1.0114,5.7676,1.5499,-25.9309
-0.7833,-0.8616,-1.5558,-0.3221,-22.0905
0.8135,0.8949,-2.6662,-1.2309,22.944
0.2275,0.2502,-0.8918,1.3071,6.4152
-1.6075,-1.7683,-0.395,0.1846,-45.3366
0.2599,0.2858,1.1427,0.7818,7.3296
-1.237,-1.3606,-6.6589,-1.3205,-34.8863
0.5219,0.5741,0.9744,0.297,14.7206
0.2505,0.2756,1.3916,0.3464,7.0648
-0.68,-0.748,11.9073,0.2323,-19.179
0.2931,0.3224,9.6773,-0.7144,8.2657
1.8658,2.0524,-2.4004,0.4738,52.6213
-1.1913,-1.3104,-2.6282,0.6566,-33.5989
-0.9747,-1.0721,-8.2919,0.7871,-27.4894
1.1586,1.2744,-1.7949,-0.8207,32.6764
0.9634,1.0597,2.5414,0.4128,27.1705
0.8221,0.9043,6.8513,1.8968,23.1849
-0.2454,-0.27,-3.8908,-0.7537,-6.9208
-0.8895,-0.9785,-4.1602,-0.8158,-25.0874
-0.0771,-0.0848,-10.8135,0.3412,-2.1745
0.2767,0.3044,-0.5366,0.8272,7.8036
0.013,0.0143,-5.2991,1.4535,0.3667
-0.2647,-0.2911,-2.9119,2.7202,-7.4642
0.6257,0.6883,-3.7586,-0.8572,17.646
-1.0709,-1.178,-1.5422,0.4825,-30.2029
-0.2235,-0.2458,-9.0121,0.714,-6.3024
0.4732,0.5206,-6.862,-0.0728,13.3469
-0.8468,-0.9315,9.7994,-1.5148,-23.8825
-0.4465,-0.4912,-6.8836,0.8564,-12.5933
0.2141,0.2355,-5.2698,-1.2457,6.0382
0.1732,0.1905,9.3577,0.3853,4.8843
-0.8839,-0.9722,13.6415,0.1537,-24.9278
0.0582,0.064,-5.7996,-1.143,1.6417
